Titel,XML-Link
XML-links med titler fra Retsinformation,"Bekendtgørelse om visse eftermonterede partikelfiltre (nan)
https://www.retsinformation.dk/eli/lta/2025/592/xml"
"Bekendtgørelse om anvendelse af vinddrevne køretøjer (nan)
https://www.retsinformation.dk/eli/lta/2025/532/xml","Bekendtgørelse om buskørsel (Buskørselsbekendtgørelsen)
https://www.retsinformation.dk/eli/lta/2025/521/xml"
"Bekendtgørelse om kvalifikationskrav til visse chauffører i vejtransport (nan)
https://www.retsinformation.dk/eli/lta/2025/412/xml","Bekendtgørelse om databestemmelser om offentligt tilgængelig infrastruktur for alternative drivmidler (nan)
https://www.retsinformation.dk/eli/lta/2025/382/xml"
"Bekendtgørelse om midlertidige foranstaltninger for førerdokumenter udstedt af Ukraine (nan)
https://www.retsinformation.dk/eli/lta/2025/257/xml","Bekendtgørelse om forsøgsordning for anvendelse af grønne opmærksomhedslygter (nan)
https://www.retsinformation.dk/eli/lta/2025/226/xml"
"Bekendtgørelse om køre- og hviletidsbestemmelserne i vejtransport og kontrol med arbejdstid (nan)
https://www.retsinformation.dk/eli/lta/2025/4/xml","Bekendtgørelse om regulering af forsikringsdækningsbeløb i henhold til færdselslov for Grønland (nan)
https://www.retsinformation.dk/eli/lta/2024/1568/xml"
"Bekendtgørelse om ændring af bekendtgørelse om kørekort (nan)
https://www.retsinformation.dk/eli/lta/2024/1444/xml","Bekendtgørelse om detailforskrifter for køretøjers indretning, udstyr og anvendelse (nan)
https://www.retsinformation.dk/eli/lta/2024/1440/xml"
"Bekendtgørelse om gebyrer og afgifter på Færdselsstyrelsens område (nan)
https://www.retsinformation.dk/eli/lta/2024/1358/xml","Bekendtgørelse om regulering af forsikringsdækningsbeløb (nan)
https://www.retsinformation.dk/eli/lta/2024/1350/xml"
"Bekendtgørelse om eksamenskørsel, optog m.v. (nan)
https://www.retsinformation.dk/eli/lta/2024/1322/xml","Bekendtgørelse om forsøgsordning med røde opmærksomhedslygter (nan)
https://www.retsinformation.dk/eli/lta/2024/1197/xml"
"Bekendtgørelse om arbejdstid for selvstændige vognmænd, der udfører mobile vejtransportaktiviteter (nan)
https://www.retsinformation.dk/eli/lta/2024/1192/xml","Bekendtgørelse om styrthjelme (nan)
https://www.retsinformation.dk/eli/lta/2024/1190/xml"
"Bekendtgørelse om omsynsvirksomheder (Omsynsbekendtgørelsen)
https://www.retsinformation.dk/eli/lta/2024/1000/xml","Bekendtgørelse om synsvirksomheder (Synsvirksomhedsbekendtgørelsen)
https://www.retsinformation.dk/eli/lta/2024/999/xml"
"Bekendtgørelse om fælles dataansvar i forbindelse med administration af digitale lægeattester (nan)
https://www.retsinformation.dk/eli/lta/2024/993/xml","Bekendtgørelse om kørekort (Kørekortbekendtgørelsen)
https://www.retsinformation.dk/eli/lta/2024/875/xml"
"Bekendtgørelse om godkendelse af kørelærere (nan)
https://www.retsinformation.dk/eli/lta/2024/749/xml","Bekendtgørelse om udrykningskørsel m.v. (nan)
https://www.retsinformation.dk/eli/lta/2024/588/xml"
"Bekendtgørelse om ændring af bekendtgørelse om køretøjers indretning og udstyr i Grønland (nan)
https://www.retsinformation.dk/eli/lta/2024/550/xml","Bekendtgørelse om godkendelse af prøvningsinstanser og kontrolinstanser på det køretøjstekniske område (nan)
https://www.retsinformation.dk/eli/lta/2024/542/xml"
"Bekendtgørelse om udstationeringsvilkår ved udførelse af cabotagekørsel, den indledende eller afsluttende vejstrækning af kombineret transport og ikke-bilateral international transport (nan)
https://www.retsinformation.dk/eli/lta/2024/216/xml","Bekendtgørelse om sikkerhedsrådgivere for vejtransport af farligt gods (nan)
https://www.retsinformation.dk/eli/lta/2023/1618/xml"
"Bekendtgørelse om køretøjer i forsøg med dobbelttrailer-vogntog (nan)
https://www.retsinformation.dk/eli/lta/2023/1605/xml","Bekendtgørelse om regulering af forsikringsdækningsbeløb i henhold til færdselslov for Grønland (nan)
https://www.retsinformation.dk/eli/lta/2023/1329/xml"
"Bekendtgørelse om regulering af forsikringsdækningsbeløb (nan)
https://www.retsinformation.dk/eli/lta/2023/1328/xml","Bekendtgørelse om udførelse af syn af motorcykler ved vejsiden (nan)
https://www.retsinformation.dk/eli/lta/2023/1124/xml"
"Bekendtgørelse om udførelse af syn af erhvervskøretøjer ved vejsiden (nan)
https://www.retsinformation.dk/eli/lta/2023/1123/xml","Bekendtgørelse om overgangsregler for godkendelse af nye individuelle motorkøretøjer m.v. (nan)
https://www.retsinformation.dk/eli/lta/2023/996/xml"
"Bekendtgørelse om særtransport (nan)
https://www.retsinformation.dk/eli/lta/2023/635/xml","Bekendtgørelse om vejtransport af farligt gods (nan)
https://www.retsinformation.dk/eli/lta/2023/596/xml"
"Bekendtgørelse om autorisation til installering, eftersyn, kontrol og reparation af takografer (nan)
https://www.retsinformation.dk/eli/lta/2023/579/xml","Bekendtgørelse om højere hastighedsgrænser for særligt indrettede biler, som anvendes af statslige myndigheder (nan)
https://www.retsinformation.dk/eli/lta/2023/3/xml"
"Bekendtgørelse om deltagelse i en alkolåsordning (nan)
https://www.retsinformation.dk/eli/lta/2022/1523/xml","Bekendtgørelse om ændring af bekendtgørelse om særlige krav til biler til erhvervsmæssig persontransport (nan)
https://www.retsinformation.dk/eli/lta/2022/1509/xml"
"Bekendtgørelse om regulering af forsikringsdækningsbeløb (nan)
https://www.retsinformation.dk/eli/lta/2022/1456/xml","Bekendtgørelse om udlejning af motorkøretøjer uden fører (nan)
https://www.retsinformation.dk/eli/lta/2022/992/xml"
"Bekendtgørelse om ændring af bekendtgørelse om undervisningsplan for køreuddannelsen til lille bus (kategori D1) (nan)
https://www.retsinformation.dk/eli/lta/2022/931/xml","Bekendtgørelse om ændring af bekendtgørelse om undervisningsplan for køreuddannelsen til lille bus med stort påhængskøretøj (kategori D1/E) (nan)
https://www.retsinformation.dk/eli/lta/2022/930/xml"
"Bekendtgørelse om ændring af bekendtgørelse om særlige krav til biler til erhvervsmæssig persontransport (nan)
https://www.retsinformation.dk/eli/lta/2022/781/xml","Bekendtgørelse om tilgængeliggørelse på markedet af taxametre og gasanalysatorer til udstødningsgas (nan)
https://www.retsinformation.dk/eli/lta/2022/778/xml"
"Bekendtgørelse om ændring af bekendtgørelse om visse former for kombineret godstransport (nan)
https://www.retsinformation.dk/eli/lta/2022/242/xml","Cirkulære om ophævelse af cirkulæreskrivelse om kørsel med dansk registreret campingvogn koblet til bil registreret i udlandet og cirkulæreskrivelse om kørsel med dansk registreret campingvogn koblet til bil registreret på Færøerne (nan)
https://www.retsinformation.dk/eli/retsinfo/2021/9401/xml"
"Bekendtgørelse om ændring af bekendtgørelse om taxikørsel (nan)
https://www.retsinformation.dk/eli/lta/2021/2687/xml","Bekendtgørelse om ændring af bekendtgørelse om fritagelse for partikeludledningsafgift ved eftermontering af partikelfilter (nan)
https://www.retsinformation.dk/eli/lta/2021/2686/xml"
"Bekendtgørelse om ændring af bekendtgørelse om krav til sikkerhedsudstyr til børn i biler (nan)
https://www.retsinformation.dk/eli/lta/2021/2459/xml","Bekendtgørelse om ændring af bekendtgørelse om godkendelse af nye to- og trehjulede køretøjer m.v. (nan)
https://www.retsinformation.dk/eli/lta/2021/2458/xml"
"Bekendtgørelse om ændring af bekendtgørelse om forsøgsordning for speed pedelecs (nan)
https://www.retsinformation.dk/eli/lta/2021/2457/xml","Bekendtgørelse om ændring af bekendtgørelse om cyklers indretning og udstyr m.v. (nan)
https://www.retsinformation.dk/eli/lta/2021/2456/xml"
"Bekendtgørelse om ændring af bekendtgørelse om godkendelse af nye landbrugs- og skovbrugskøretøjer m.v. (nan)
https://www.retsinformation.dk/eli/lta/2021/2440/xml","Bekendtgørelse om ændring af bekendtgørelse om godkendelse af nye motorkøretøjer og påhængskøretøjer dertil m.v. (nan)
https://www.retsinformation.dk/eli/lta/2021/2436/xml"
"Bekendtgørelse om regulering af forsikringsdækning i henhold til færdselsloven (nan)
https://www.retsinformation.dk/eli/lta/2021/2260/xml","Bekendtgørelse om regulering af forsikringsdækningsbeløb i henhold til færdselslov for Grønland (nan)
https://www.retsinformation.dk/eli/lta/2021/2259/xml"
"Bekendtgørelse om regulering af forsikringsdækningsbeløb i henhold til bekendtgørelse om afholdelse af motorløb på bane (nan)
https://www.retsinformation.dk/eli/lta/2021/2258/xml","Bekendtgørelse om undervisningsplan for kursus i alkohol, narko og trafik (ANT-kursus) (nan)
https://www.retsinformation.dk/eli/lta/2021/1844/xml"
"Bekendtgørelse om udstedelse af takografkort (nan)
https://www.retsinformation.dk/eli/lta/2021/1832/xml","Bekendtgørelse om forsøg med selvkørende enheder (nan)
https://www.retsinformation.dk/eli/lta/2021/941/xml"
"Bekendtgørelse om ændring af bekendtgørelse om forsøgsordning for selvbalancerende køretøj og motoriseret skateboard (nan)
https://www.retsinformation.dk/eli/lta/2021/56/xml","Bekendtgørelse om ændring af bekendtgørelse om forsøgsordning for motoriseret løbehjul (nan)
https://www.retsinformation.dk/eli/lta/2021/55/xml"
"Cirkulære om ophævelse af cirkulære om samarbejde mellem politiet og Færdselsstyrelsen om gennemførelse af syn ved vejsiden af erhvervskøretøjer (nan)
https://www.retsinformation.dk/eli/retsinfo/2020/9612/xml","Bekendtgørelse om ændring af bekendtgørelse om køretøjer i forsøg med modulvogntog (nan)
https://www.retsinformation.dk/eli/lta/2020/2048/xml"
"Bekendtgørelse om regulering af forsikringsdækningsbeløb i henhold til bekendtgørelse om afholdelse af motorløb på bane (nan)
https://www.retsinformation.dk/eli/lta/2020/1673/xml","Bekendtgørelse om regulering af forsikringsdækningsbeløb i henhold til færdselslov for Grønland (nan)
https://www.retsinformation.dk/eli/lta/2020/1672/xml"
"Bekendtgørelse om regulering af forsikringsdækningsbeløb i henhold til færdselsloven (nan)
https://www.retsinformation.dk/eli/lta/2020/1671/xml","Bekendtgørelse om godkendelse af nye motorkøretøjer og påhængskøretøjer dertil m.v. (nan)
https://www.retsinformation.dk/eli/lta/2020/1269/xml"
"Bekendtgørelse om udpegelse af tekniske tjenester på det køretøjstekniske område i henhold til visse forordninger (nan)
https://www.retsinformation.dk/eli/lta/2020/1268/xml","Bekendtgørelse om godkendelse af nye to- og trehjulede køretøjer m.v (nan)
https://www.retsinformation.dk/eli/lta/2020/1267/xml"
"Bekendtgørelse om godkendelse af nye landbrugs- og skovbrugskøretøjer m.v. (nan)
https://www.retsinformation.dk/eli/lta/2020/1266/xml","Bekendtgørelse om ændring af bekendtgørelse om energi- og miljøkrav til taxier m.v. (nan)
https://www.retsinformation.dk/eli/lta/2020/1080/xml"
"Bekendtgørelse om undervisningsplan for køreuddannelsen til stor bus med stort påhængskøretøj (kategori D/E) (nan)
https://www.retsinformation.dk/eli/lta/2020/770/xml","Bekendtgørelse om undervisningsplan for køreuddannelsen til stor bus (kategori D) (nan)
https://www.retsinformation.dk/eli/lta/2020/765/xml"
"Bekendtgørelse om undervisningsplan for køreuddannelsen til lille bus med stort påhængskøretøj (kategori D1/E) (nan)
https://www.retsinformation.dk/eli/lta/2020/764/xml","Bekendtgørelse om undervisningsplan for køreuddannelsen til lille bus (kategori D1) (nan)
https://www.retsinformation.dk/eli/lta/2020/763/xml"
"Bekendtgørelse om undervisningsplan for køreuddannelsen til stor lastbil med stort påhængskøretøj (kategori C/E) (nan)
https://www.retsinformation.dk/eli/lta/2020/762/xml","Bekendtgørelse om undervisningsplan for køreuddannelsen til stor lastbil (kategori C) (nan)
https://www.retsinformation.dk/eli/lta/2020/761/xml"
"Bekendtgørelse om undervisningsplan for køreuddannelsen til lille lastbil med stort påhængskøretøj (kategori C1/E) (nan)
https://www.retsinformation.dk/eli/lta/2020/760/xml","Bekendtgørelse om undervisningsplan for køreuddannelsen til lille lastbil (kategori C1) (nan)
https://www.retsinformation.dk/eli/lta/2020/759/xml"
"Bekendtgørelse om undervisningsplan for køreuddannelsen til almindelig bil med stort påhængskøretøj (kategori B/E) (nan)
https://www.retsinformation.dk/eli/lta/2020/758/xml","Bekendtgørelse om undervisningsplan for køreuddannelsen til almindelig bil (kategori B) (nan)
https://www.retsinformation.dk/eli/lta/2020/757/xml"
"Bekendtgørelse om undervisningsplan for køreuddannelse til motorcykel (kategori A1, A2 og A) (nan)
https://www.retsinformation.dk/eli/lta/2020/756/xml","Bekendtgørelse om undervisningsplan for køreuddannelsen til stor knallert (kategori AM) (nan)
https://www.retsinformation.dk/eli/lta/2020/755/xml"
"Bekendtgørelse om taxikørsel (Taxibekendtgørelsen)
https://www.retsinformation.dk/eli/lta/2019/1244/xml","Bekendtgørelse om regulering af forsikringsdækningsbeløb i henhold til færdselslov for Grønland (nan)
https://www.retsinformation.dk/eli/lta/2019/1142/xml"
"Bekendtgørelse om regulering af forsikringsdækningsbeløb i henhold til færdselsloven (nan)
https://www.retsinformation.dk/eli/lta/2019/1137/xml","Bekendtgørelse om regulering af forsikringsdækningsbeløb i henhold til bekendtgørelse om afholdelse af motorløb på bane (nan)
https://www.retsinformation.dk/eli/lta/2019/1136/xml"
"Bekendtgørelse om ændring af bekendtgørelse om slæbning af køretøjer (nan)
https://www.retsinformation.dk/eli/lta/2019/1056/xml","Bekendtgørelse om ændring af bekendtgørelse om energi- og miljøkrav til taxier m.v. (nan)
https://www.retsinformation.dk/eli/lta/2019/715/xml"
"Bekendtgørelse om ændring af bekendtgørelse om forsøgsordning for selvbalancerende køretøj og motoriseret skateboard (nan)
https://www.retsinformation.dk/eli/lta/2019/666/xml","Bekendtgørelse om ændring af bekendtgørelse om forsøgsordning for motoriseret løbehjul (nan)
https://www.retsinformation.dk/eli/lta/2019/665/xml"
"Cirkulæreskrivelse om ophævelse af cirkulæreskrivelse om fritagelse for pligten til at anvende styrthjelm (nan)
https://www.retsinformation.dk/eli/retsinfo/2018/10085/xml","Bekendtgørelse om ændring af bekendtgørelse om afholdelse af motorløb på bane (nan)
https://www.retsinformation.dk/eli/lta/2018/605/xml"
"Bekendtgørelse om barnesæde på tohjulet motorcykel (nan)
https://www.retsinformation.dk/eli/lta/2009/666/xml","Bekendtgørelse om ændring af bekendtgørelse om køretøjers indretning og udstyr i Grønland\n(Sikkerhedsseler i biler) (nan)
https://www.retsinformation.dk/eli/lta/2008/1077/xml"
"Bekendtgørelse om køretøjer i forsøg med modulvogntog (nan)
https://www.retsinformation.dk/eli/lta/2008/1076/xml","Bekendtgørelse om synsfri sammenkobling af lastbil og påhængskøretøj med en tilladt totalvægt på over 3.500 kg (nan)
https://www.retsinformation.dk/eli/lta/2008/1006/xml"
"Bekendtgørelse om særlige krav til busser (nan)
https://www.retsinformation.dk/eli/lta/2007/1487/xml","Lov om ændring af lov om taxikørsel m.v.\n(Etablering af kommunale fællesskaber) (nan)
https://www.retsinformation.dk/eli/lta/2006/1591/xml"
"Bekendtgørelse om ophævelse af bekendtgørelse om Tempo-100-godkendelse af busser (nan)
https://www.retsinformation.dk/eli/lta/2005/249/xml","Bekendtgørelse om ændring af bekendtgørelse om synsfri sammenkobling af bil og påhængskøretøj med en tilladt totalvægt på højst 3.500 kg (nan)
https://www.retsinformation.dk/eli/lta/2005/245/xml"
"Bekendtgørelse om ophævelse af forskellige bekendtgørelser udstedt i henhold til færdselsloven (nan)
https://www.retsinformation.dk/eli/lta/2005/242/xml","Bekendtgørelse om indretning og udstyr for køretøjer, der anvendes til offentlig befordring af skoleelever (nan)
https://www.retsinformation.dk/eli/lta/2004/1341/xml"
"Meddelelse om køretøjers indretning og udstyr mv. nr. 1823 AL-KO AKS 1300 / 2000 / 2002 / 2004 / 3004 kuglekobling med stabiliseringsanordning. (nan)
https://www.retsinformation.dk/eli/retsinfo/2003/9542/xml","Meddelelse om køretøjers indretning og udstyr mv. nr. 1806 Slidgrænse for bremseskiver til Land Rover og Range Rover (nan)
https://www.retsinformation.dk/eli/retsinfo/2002/9279/xml"
"Bekendtgørelse om ændring af bekendtgørelse om synsfri sammenkobling af bil og påhængskøretøj med en tilladt totalvægt på højst 3.500 kg (nan)
https://www.retsinformation.dk/eli/lta/2002/59/xml","Meddelelse om køretøjers indretning og udstyr mv. nr. 1787 Godkendelse af højrestyrede biler til kørsel på danske grænsenummerplader (nan)
https://www.retsinformation.dk/eli/retsinfo/2001/12073/xml"
"Cirkulæreskrivelse om Schengen-samarbejdets betydning for registreringsbekendtgørelsens regler om løse prøveskilte, transittilladelser samt feriekørsel på danske grænsenummerplader (nan)
https://www.retsinformation.dk/eli/retsinfo/2001/11881/xml","Meddelelse om køretøjers indretning og udstyr mv. nr. 1781. Slidgrænse for forreste bremseskiver til VW Golf, Golf Variant og Bora, type 1J. (nan)
https://www.retsinformation.dk/eli/retsinfo/2001/11856/xml"
"Bekendtgørelse om regulering af erstatningsbeløb i henhold til færdselsloven (nan)
https://www.retsinformation.dk/eli/lta/2001/932/xml","Bekendtgørelse om regulering af betalingsbeløb i henhold til færdselsloven (nan)
https://www.retsinformation.dk/eli/lta/2001/931/xml"
"Vejledning om bekendtgørelse om afholdelse af motorløb på bane (nan)
https://www.retsinformation.dk/eli/retsinfo/2000/11282/xml","Meddelelse om køretøjers indretning og udstyr m.v. nr. 1777 Brugergrænseflader for IT-systemer i biler (nan)
https://www.retsinformation.dk/eli/retsinfo/2000/9544/xml"
"Bekendtgørelse om regulering af erstatningsbeløb i henhold til færdselsloven (nan)
https://www.retsinformation.dk/eli/lta/2000/989/xml","Cirkulæreskrivelse om ændring af kørekortbekendtgørelsen og kørekortcirkulæret (nan)
https://www.retsinformation.dk/eli/retsinfo/1999/60413/xml"
"Orientering om nye regler for kørsel med udenlandske firmabiler mv. her i landet for personer med bopæl i Danmark (nan)
https://www.retsinformation.dk/eli/retsinfo/1999/10718/xml","Cirkulæreskrivelse om kørekortbekendtgørelsens regler om synskravene (nan)
https://www.retsinformation.dk/eli/retsinfo/1999/9645/xml"
"Bekendtgørelse om regulering af erstatningsbeløb i henhold til færdselsloven (nan)
https://www.retsinformation.dk/eli/lta/1999/802/xml","Bekendtgørelse om ændring af bekendtgørelse om installation og plombering af hastighedsbegrænsere i lastbiler og busser (nan)
https://www.retsinformation.dk/eli/lta/1999/267/xml"
"Bekendtgørelse om E- og e-godkendelse af køretøjers indretning og udstyr mv. (nan)
https://www.retsinformation.dk/eli/lta/1999/74/xml","Orienteringsskrivelse vedrørende transport af farligt gods med slamsuger (nan)
https://www.retsinformation.dk/eli/retsinfo/1998/60496/xml"
"Cirkulæreskrivelse om præcisering af reglerne for kørelærerprøvens forprøve (teoriprøve) (nan)
https://www.retsinformation.dk/eli/retsinfo/1998/60263/xml","Bilag D og E i Vejtransportrådets årsberetning for 1997 (nan)
https://www.retsinformation.dk/eli/retsinfo/1998/60262/xml"
"Orienteringsskrivelse vedrørende kørsel med hundevogn (nan)
https://www.retsinformation.dk/eli/retsinfo/1998/60260/xml","Cirkulæreskrivelse om ændring af fremgangsmåden ved afholdelse af kørelærerprøvens forprøve (nan)
https://www.retsinformation.dk/eli/retsinfo/1998/60045/xml"
"Cirkulæreskrivelse om inddragelse af nummerplader (nan)
https://www.retsinformation.dk/eli/retsinfo/1998/60040/xml","Cirkulæreskrivelse om gensidig anerkendelse af registreringslandets kendingsbogstaver for motorkøretøjer og påhængskøretøjer dertil inden for Fællesskabet. (nan)
https://www.retsinformation.dk/eli/retsinfo/1998/9034/xml"
"Vejledning om anvendelse af koder og underkoder og om forelæggelse af sager for Statens Bilinspektion i forbindelse med udstedelse af kørekort (nan)
https://www.retsinformation.dk/eli/retsinfo/1997/60421/xml","Orienteringsskrivelse vedrørende køreuddannelse i forbindelse med ombytning af Grønlandsk kørekort til dansk kørekort særligt vedrørende øvelser på lukket øvelsesplads (nan)
https://www.retsinformation.dk/eli/retsinfo/1997/60259/xml"
"Meddelelse om køretøjers indretning og udstyr mv. nr 1709 (typegodkendelse efter anmeldelse af lastbiler og busser med trykluftbremser(*1) (nan)
https://www.retsinformation.dk/eli/retsinfo/1997/17134/xml","Cirkulæreskrivelse om den nye kørekortsbekendtgørelse mv. (nan)
https://www.retsinformation.dk/eli/retsinfo/1997/17121/xml"
"Meddelelse om køretøjers indretning og udstyr mv. nr. 1705 (ny ildslukkerstandard) *) (nan)
https://www.retsinformation.dk/eli/retsinfo/1997/17105/xml","Meddelelse om køretøjers indretning og udstyr mv. nr 1689 (nan)
https://www.retsinformation.dk/eli/retsinfo/1996/60429/xml"
"Meddelelse om køretøjers indretning og udstyr mv. nr 1704 (typegodkendelse efter anmeldelse)*1 (nan)
https://www.retsinformation.dk/eli/retsinfo/1996/17121/xml","Meddelelse om køretøjers indretning og udstyr mv. nr 1700 (meddelelser om køretøjers indretning og udstyr)*1 (nan)
https://www.retsinformation.dk/eli/retsinfo/1996/17113/xml"
"Meddelelse om køretøjers indretning og udstyr nr. 1679 (* 1) (nan)
https://www.retsinformation.dk/eli/retsinfo/1995/17601/xml","Meddelelse om køretøjers indretning og udstyr mv. nr. 1680 Kørelys (* 1) (nan)
https://www.retsinformation.dk/eli/retsinfo/1995/17600/xml"
"Cirkulæreskrivelse om pligten til at anvende sikkerhedsudstyr for børn under 3 år (nan)
https://www.retsinformation.dk/eli/retsinfo/1995/17351/xml","Orienteringsskrivelse om hastighedsbegrænsere i lastbiler og busser (nan)
https://www.retsinformation.dk/eli/retsinfo/1995/17260/xml"
"Meddelelse om køretøjers indretning og udstyr m.v. nr. 1675 (Forøgelse af 'påhængskøretøjs største totalvægt med bremser')(* 1) (nan)
https://www.retsinformation.dk/eli/retsinfo/1995/17042/xml","Cirkulæreskrivelse til politiet (Cirkulæreskrivelse om forsikring for motorløb) (nan)
https://www.retsinformation.dk/eli/retsinfo/1995/17008/xml"
"Meddelelse om køretøjers indretning og udstyr m.v. nr. 1669 (Westalia SSK kuglekobling med stabiliseringsanordning)(* 1) (nan)
https://www.retsinformation.dk/eli/retsinfo/1995/17004/xml",
